Work Order #,Customer Name,Scheduled Date/Time,City,Community,Address,Job Scope
WO-2001,John Sterling,2026-07-01 08:00,Boca Raton,Royal Palm Yacht Club,2425 Maya Palm Dr E Boca Raton FL 33432,Kitchen Island(Taj Mahal Quartzite 3cm) | Kitchen Perimeter(Taj Mahal Quartzite 3cm)
WO-2002,Sarah Jenkins,2026-07-01 13:00,Jupiter,Admirals Cove,120 Commodore Dr Jupiter FL 33477,Master Bath Vanity(Calacatta Gold Quartz 3cm) | Guest Bath Vanity(Calacatta Gold Quartz 3cm)
WO-2003,Marcus Vance,2026-07-02 08:30,Palm Beach,Breakers Row,2 N Breakers Row Palm Beach FL 33480,Fireplace Surround(Carrara Marble 2cm) | Powder Room Vanity(Nero Marquina Marble 2cm)
WO-2004,Vanderbilt Homes,2026-07-02 11:00,Boynton Beach,Equus,8500 Equus Circle Boynton Beach FL 33472,Kitchen Perimeter(Super White Dolomite 3cm) | Kitchen Island(Super White Dolomite 3cm) | Laundry Room Top(Coastal Gray Quartz 2cm)
WO-2005,Elena Rostova,2026-07-03 09:00,Vero Beach,John's Island,200 John's Island Dr Vero Beach FL 32963,Outdoor Kitchen Countertop(Absolute Black Granite 3cm) | Bar Top(Absolute Black Granite 3cm)
WO-2006,Davenport Custom Builders,2026-07-03 14:00,Hobe Sound,Loblolly,7407 SE Pelican Cove Hobe Sound FL 33455,Kitchen Island(White Macaubas Quartzite 3cm) | Backsplash(White Macaubas Quartzite 3cm)
WO-2007,Robert Chen,2026-07-06 08:00,Stuart,Sailfish Point,2203 SE Sailfish Point Blvd Stuart FL 34996,Master Bath Vanity(Blue Bahia Granite 3cm) | Shower Bench & Threshold(Blue Bahia Granite 3cm)
WO-2008,Linda Geller,2026-07-06 13:00,Boca Raton,Woodfield Country Club,3600 Clubside Dr Boca Raton FL 33496,Kitchen Perimeter(Calacatta Laza 3cm) | Laundry Room Top(Coastal Gray Quartz 2cm)
WO-2009,Thomas O'Connor,2026-07-07 08:00,Jupiter,Jonathan's Landing,160 Riverpoint Dr Jupiter FL 33477,Powder Room Vanity(Fantasy Brown Marble 3cm)
WO-2010,Patricia Miller,2026-07-07 10:30,Boynton Beach,Valencia Reserve,9200 Valencia Reserve Blvd Boynton Beach FL 33473,Kitchen Island(Bianco Antico Granite 3cm) | Kitchen Perimeter(Bianco Antico Granite 3cm)
WO-2011,Dr. Arthur Pendelton,2026-07-08 09:00,Palm Beach,Phipps Estates,120 Phipps Plaza Palm Beach FL 33480,Master Bath Vanity(Calacatta Borghini 3cm) | Makeup Station(Calacatta Borghini 3cm)
WO-2012,Gregory Vance,2026-07-08 14:00,Port St. Lucie,PGA Village,10260 Perfect Drive Port St. Lucie FL 34986,Outdoor Kitchen Countertop(Steel Gray Granite 3cm)
WO-2013,Melissa Sterling,2026-07-09 08:00,Boca Raton,St. Andrews Country Club,7100 St. Andrews Way Boca Raton FL 33496,Kitchen Island(Quartzite Cristallo 3cm) | Kitchen Perimeter(Quartzite Cristallo 3cm) | Backsplash(Quartzite Cristallo 2cm)
WO-2014,James Harrington,2026-07-09 13:00,Vero Beach,Orchid Island,1 Orchid Island Dr Vero Beach FL 32963,Kitchen Perimeter(Calacatta Gold Quartz 3cm) | Powder Room Vanity(Carrara Marble 2cm)
WO-2015,Apex Commercial Group,2026-07-10 08:00,Stuart,Mariner Sands,6500 SE Mariner Sands Dr Stuart FL 34997,Bar Top(Absolute Black Granite 3cm) | Buffet Tops(Coastal Gray Quartz 3cm)
WO-2016,Steven Rogers,2026-07-10 11:00,Jupiter,Tequesta Country Club,280 Country Club Dr Tequesta FL 33469,Kitchen Island(Fantasy Brown Marble 3cm) | Guest Bath Vanity(Fantasy Brown Marble 3cm)
WO-2017,Amanda Clarke,2026-07-13 09:00,Palm Beach Gardens,PGA National,100 Avenue of the Champions Palm Beach Gardens FL 33418,Master Bath Vanity(White Macaubas Quartzite 3cm) | Guest Bath Vanity(White Macaubas Quartzite 3cm)
WO-2018,David Bernstein,2026-07-13 14:00,Boca Raton,Boca West,20500 Boca West Dr Boca Raton FL 33434,Kitchen Perimeter(Super White Dolomite 3cm) | Shower Threshold(Super White Dolomite 3cm)
WO-2019,Elizabeth Bennett,2026-07-14 08:30,Hobe Sound,Jupiter Hills,11800 SE Hill Club Terrace Hobe Sound FL 33455,Fireplace Surround(Nero Marquina Marble 2cm) | Bar Top(Nero Marquina Marble 2cm)
WO-2020,Richard Henderson,2026-07-14 13:00,Port St. Lucie,Tradition,10800 SW Tradition Pkwy Port St. Lucie FL 34987,Kitchen Island(Calacatta Laza 3cm) | Laundry Room Top(Coastal Gray Quartz 2cm)
